文章類型,I1,I2,I3,B1-1,B1-2,B1-3,B1-4,B1-5,B2-1,B2-2,B2-3,B2-4,B2-5,C,第15句,第16句,
1. 同意程度（To What Extent）,"In modern society, T has become a subject of considerable debate.","Some people believe that V, while others hold the opposite opinion.","From where I stand, I strongly adhere to / oppose the said notion above for the following reasons.","To begin with, the first reason is that R1.",This is because E1.,"For example, Ex1.","As a result, Res1.","However, H1.",Another reason is that R2.,This means that E2.,"For instance, Ex2.","Consequently, Res2.","Nevertheless, H2.","In conclusion, T + B1 and B2.",,,
2. 優點大於缺點（Adv Outweigh）,"In modern society, T has become a subject of considerable debate.","Some people assert that this trend is beneficial, while others claim it brings more harm.","From where I stand, the benefits of this trend dominate its drawbacks.",One main benefit of T is A1.,This is because E1.,"For example, Ex1.","As a result, Res1.","However, H1.",Another merit is A2.,This means that E2.,"For instance, Ex2.","Consequently, Res2.","Nevertheless, H2.","In conclusion, although T has certain drawbacks, its advantages in B1 and B2 are far more significant.",,,
3. 正面或負面發展（Pos or Neg）,"In modern society, T has become a subject of considerable debate.","Some people regard this trend as positive, while others view it as detrimental.","From where I stand, I believe this trend could be regarded as more beneficial to society than disadvantageous.",One main advantageous effect of T is P1.,This is because E1.,"For example, Ex1.","As a result, Res1.","However, H1.",Another positive impact of this trend is P2.,This means that E2.,"For instance, Ex2.","Consequently, Res2.","Nevertheless, H2.","In conclusion, despite certain drawbacks, T is largely a positive development due to B1 and B2.",,,
4. 同意或不同意（Agree or Disagree）,"In modern society, T has become a subject of considerable debate.","Some people believe that V, while others hold the opposite opinion.","From where I stand, I completely adhere to / oppose the said notion above for the following reasons.","To begin with, the first reason is that R1.",This is because E1.,"For example, Ex1.","As a result, Res1.",,Another reason is that R2.,This means that E2.,"For instance, Ex2.","Consequently, Res2.",,"In conclusion, T + B1 and B2.",,,
5. 討論兩方觀點（Discuss Both Views）,"In modern society, T has become a subject of considerable debate.","Some people believe that V1, while others think that V2.","In my opinion, Op. This essay will elucidate both sides and present my perspective.","On the one hand, V1.",This is because E1.,"For example, Ex1.","As a result, Res1.","(If you agree with View 1, state your opinion here.)","On the other hand, V2.",This means that E2.,"For instance, Ex2.","Consequently, Res2.","(If you agree with View 2, state your opinion here.)","In conclusion, M1; however, M2. Personally, I believe Op.",,,
6. 優點與缺點（Adv & Disadv）,"In modern society, T has become a subject of considerable debate.","This trend could bring A1 and A2; however, it may also lead to D1 and D2.",This essay will illustrate both benefits and drawbacks of this trend.,One significant benefit of T is A1.,This is because E1.,"For example, Ex1.","As a result, Res1.","However, a drawback of T is D1.","Apart from that, T also A2.",This means that E2.,"For instance, Ex2.","Consequently, Res2.","Additionally, D2 is another drawback of T.","In conclusion, while T offers benefits such as As, it also poses challenges including Ds.",,,
7. 問題與解決方案（Prob & Solutions）,"In modern society, T has become a pivotal issue in society.","This trend could result in Pr1 and Pr2, but it can be alleviated by S1 and S2.",This essay will explore some issues brought by this trend and suggest feasible measures to address it.,One primary concern brought by this phenomenon is Pr1.,This is because E1.,"For example, Ex1.","As a result, Res1.",,"Apart from that, T also leads to Pr2.",This means that E2.,"To mitigate these, one possible measure is S1.","This can be done by H1, which can H2.","For instance, ExS1.","As a result, ResS1.","Moreover, S2 can also be implemented.","By doing this, BS2.","In conclusion, although T brings about Ps, these issues can be effectively addressed through Ss."
8. 原因與解決方案（Causes & Solutions）,"In modern society, T has become a subject of intense discussion.","This trend could be attributed to C1 and C2, but it can be alleviated by S1 and S2.",This essay will explore the primary reasons behind this phenomenon and suggest feasible measures to address it.,One primary factor contributing to this phenomenon is C1.,This is because E1.,"For example, Ex1.","As a result, Res1.",,"Furthermore, this issue is also caused by C2.",This means that E2.,"To tackle this problem, the most effective measure is S1.","By doing this, HS1.","For instance, ExS1.","Moreover, S2 should also be implemented.",This approach ensures that BS2.,"In conclusion, although T is primarily driven by C1 and C2, it is not an insurmountable problem.","By collectively implementing S1 and S2, we can effectively mitigate its negative impacts."
9. 原因與影響（Causes & Effects）,"In modern society, T has become a subject of considerable debate.","This trend could be attributed to C1 and C2, and can lead to Ef1 and Ef2.",This essay will explore some reasons and possible results of this trend.,One primary factor contributing to this phenomenon is C1.,This is because E1.,"For example, Ex1.","As a result, Res1.",,"Apart from that, C2 also plays a significant role.",This means that E2.,One main impact of this phenomenon is Ef1.,This is because E3.,"For instance, Ex2.","Consequently, Res2.","Moreover, T can also lead to Ef2.",This means that E4.,"In conclusion, T is primarily caused by Cs, and it has led to significant consequences such as Es."
